number,timestamp,txCount,label,interval
0,2025-06-30 12:00:00,2,0,0.0
1,2025-06-30 12:00:30,3,0,30.0
2,2025-06-30 12:01:00,3,0,30.0
3,2025-06-30 12:01:30,2,0,30.0
4,2025-06-30 12:02:00,1,0,30.0
5,2025-06-30 12:02:30,2,0,30.0
6,2025-06-30 12:03:00,3,0,30.0
7,2025-06-30 12:03:30,3,0,30.0
8,2025-06-30 12:04:00,2,0,30.0
9,2025-06-30 12:04:30,3,0,30.0
10,2025-06-30 12:05:00,2,0,30.0
11,2025-06-30 12:05:30,1,0,30.0
12,2025-06-30 12:06:00,1,0,30.0
13,2025-06-30 12:06:30,3,0,30.0
14,2025-06-30 12:07:00,4,0,30.0
15,2025-06-30 12:07:30,3,0,30.0
16,2025-06-30 12:08:00,1,0,30.0
17,2025-06-30 12:08:30,4,0,30.0
18,2025-06-30 12:09:00,1,0,30.0
19,2025-06-30 12:09:30,2,0,30.0
20,2025-06-30 12:10:00,4,0,30.0
21,2025-06-30 12:10:30,1,0,30.0
22,2025-06-30 12:11:00,2,0,30.0
23,2025-06-30 12:11:30,2,0,30.0
24,2025-06-30 12:12:00,4,0,30.0
25,2025-06-30 12:12:30,1,0,30.0
26,2025-06-30 12:13:00,2,0,30.0
27,2025-06-30 12:13:30,1,0,30.0
28,2025-06-30 12:14:00,2,0,30.0
29,2025-06-30 12:14:30,4,0,30.0
30,2025-06-30 12:15:00,3,0,30.0
31,2025-06-30 12:15:30,1,0,30.0
32,2025-06-30 12:16:00,3,0,30.0
33,2025-06-30 12:16:30,1,0,30.0
34,2025-06-30 12:17:00,4,0,30.0
35,2025-06-30 12:17:30,3,0,30.0
36,2025-06-30 12:18:00,1,0,30.0
37,2025-06-30 12:18:30,4,0,30.0
38,2025-06-30 12:19:00,1,0,30.0
39,2025-06-30 12:19:30,1,0,30.0
40,2025-06-30 12:20:00,1,0,30.0
41,2025-06-30 12:20:30,2,0,30.0
42,2025-06-30 12:21:00,1,0,30.0
43,2025-06-30 12:21:30,4,0,30.0
44,2025-06-30 12:22:00,3,0,30.0
45,2025-06-30 12:22:30,2,0,30.0
46,2025-06-30 12:23:00,4,0,30.0
47,2025-06-30 12:23:30,4,0,30.0
48,2025-06-30 12:24:00,3,0,30.0
49,2025-06-30 12:24:30,2,0,30.0
50,2025-06-30 12:25:00,2,0,30.0
51,2025-06-30 12:25:30,3,0,30.0
52,2025-06-30 12:26:00,3,0,30.0
53,2025-06-30 12:26:30,2,0,30.0
54,2025-06-30 12:27:00,2,0,30.0
55,2025-06-30 12:27:30,3,0,30.0
56,2025-06-30 12:28:00,2,0,30.0
57,2025-06-30 12:28:30,3,0,30.0
58,2025-06-30 12:29:00,2,0,30.0
59,2025-06-30 12:29:30,3,0,30.0
60,2025-06-30 12:30:00,4,0,30.0
61,2025-06-30 12:30:30,2,0,30.0
62,2025-06-30 12:31:00,3,0,30.0
63,2025-06-30 12:31:30,1,0,30.0
64,2025-06-30 12:32:00,2,0,30.0
65,2025-06-30 12:32:30,3,0,30.0
66,2025-06-30 12:33:00,1,0,30.0
67,2025-06-30 12:33:30,4,0,30.0
68,2025-06-30 12:34:00,1,0,30.0
69,2025-06-30 12:34:30,3,0,30.0
70,2025-06-30 12:35:00,1,0,30.0
71,2025-06-30 12:35:30,4,0,30.0
72,2025-06-30 12:36:00,1,0,30.0
73,2025-06-30 12:36:30,1,0,30.0
74,2025-06-30 12:37:00,2,0,30.0
75,2025-06-30 12:37:30,1,0,30.0
76,2025-06-30 12:38:00,4,0,30.0
77,2025-06-30 12:38:30,1,0,30.0
78,2025-06-30 12:39:00,4,0,30.0
79,2025-06-30 12:39:30,3,0,30.0
80,2025-06-30 12:40:00,2,0,30.0
81,2025-06-30 12:40:30,4,0,30.0
82,2025-06-30 12:41:00,2,0,30.0
83,2025-06-30 12:41:30,3,0,30.0
84,2025-06-30 12:42:00,3,0,30.0
85,2025-06-30 12:42:30,3,0,30.0
86,2025-06-30 12:43:00,1,0,30.0
87,2025-06-30 12:43:30,4,0,30.0
88,2025-06-30 12:44:00,1,0,30.0
89,2025-06-30 12:44:30,3,0,30.0
90,2025-06-30 12:45:00,3,0,30.0
91,2025-06-30 12:45:30,3,0,30.0
92,2025-06-30 12:46:00,2,0,30.0
93,2025-06-30 12:46:30,3,0,30.0
94,2025-06-30 12:47:00,2,0,30.0
95,2025-06-30 12:47:30,2,0,30.0
96,2025-06-30 12:48:00,3,0,30.0
97,2025-06-30 12:48:30,1,0,30.0
98,2025-06-30 12:49:00,4,0,30.0
99,2025-06-30 12:49:30,2,0,30.0
100,2025-06-30 12:50:00,24,1,30.0
101,2025-06-30 12:50:30,16,1,30.0
102,2025-06-30 12:51:00,18,1,30.0
103,2025-06-30 12:51:30,18,1,30.0
104,2025-06-30 12:52:00,11,1,30.0
105,2025-06-30 12:52:30,16,1,30.0
106,2025-06-30 12:53:00,11,1,30.0
107,2025-06-30 12:53:30,21,1,30.0
108,2025-06-30 12:54:00,22,1,30.0
109,2025-06-30 12:54:30,18,1,30.0
110,2025-06-30 12:55:00,19,1,30.0
111,2025-06-30 12:55:30,17,1,30.0
112,2025-06-30 12:56:00,19,1,30.0
113,2025-06-30 12:56:30,15,1,30.0
114,2025-06-30 12:57:00,14,1,30.0
115,2025-06-30 12:57:30,14,1,30.0
116,2025-06-30 12:58:00,16,1,30.0
117,2025-06-30 12:58:30,24,1,30.0
118,2025-06-30 12:59:00,10,1,30.0
119,2025-06-30 12:59:30,14,1,30.0
120,2025-06-30 13:00:00,11,1,30.0
121,2025-06-30 13:00:30,11,1,30.0
122,2025-06-30 13:01:00,10,1,30.0
123,2025-06-30 13:01:30,22,1,30.0
124,2025-06-30 13:02:00,14,1,30.0
125,2025-06-30 13:02:30,18,1,30.0
126,2025-06-30 13:03:00,16,1,30.0
127,2025-06-30 13:03:30,23,1,30.0
128,2025-06-30 13:04:00,18,1,30.0
129,2025-06-30 13:04:30,13,1,30.0
130,2025-06-30 13:05:00,11,1,30.0
131,2025-06-30 13:05:30,17,1,30.0
132,2025-06-30 13:06:00,17,1,30.0
133,2025-06-30 13:06:30,24,1,30.0
134,2025-06-30 13:07:00,19,1,30.0
135,2025-06-30 13:07:30,14,1,30.0
136,2025-06-30 13:08:00,12,1,30.0
137,2025-06-30 13:08:30,11,1,30.0
138,2025-06-30 13:09:00,13,1,30.0
139,2025-06-30 13:09:30,10,1,30.0
140,2025-06-30 13:10:00,16,1,30.0
141,2025-06-30 13:10:30,11,1,30.0
142,2025-06-30 13:11:00,24,1,30.0
143,2025-06-30 13:11:30,16,1,30.0
144,2025-06-30 13:12:00,10,1,30.0
145,2025-06-30 13:12:30,10,1,30.0
146,2025-06-30 13:13:00,10,1,30.0
147,2025-06-30 13:13:30,24,1,30.0
148,2025-06-30 13:14:00,16,1,30.0
149,2025-06-30 13:14:30,24,1,30.0
150,2025-06-30 13:15:00,19,1,30.0
151,2025-06-30 13:15:30,10,1,30.0
152,2025-06-30 13:16:00,19,1,30.0
153,2025-06-30 13:16:30,10,1,30.0
154,2025-06-30 13:17:00,17,1,30.0
155,2025-06-30 13:17:30,18,1,30.0
156,2025-06-30 13:18:00,11,1,30.0
157,2025-06-30 13:18:30,15,1,30.0
158,2025-06-30 13:19:00,23,1,30.0
159,2025-06-30 13:19:30,20,1,30.0
160,2025-06-30 13:20:00,11,1,30.0
161,2025-06-30 13:20:30,24,1,30.0
162,2025-06-30 13:21:00,14,1,30.0
163,2025-06-30 13:21:30,10,1,30.0
164,2025-06-30 13:22:00,23,1,30.0
165,2025-06-30 13:22:30,12,1,30.0
166,2025-06-30 13:23:00,10,1,30.0
167,2025-06-30 13:23:30,14,1,30.0
168,2025-06-30 13:24:00,17,1,30.0
169,2025-06-30 13:24:30,18,1,30.0
170,2025-06-30 13:25:00,20,1,30.0
171,2025-06-30 13:25:30,21,1,30.0
172,2025-06-30 13:26:00,11,1,30.0
173,2025-06-30 13:26:30,19,1,30.0
174,2025-06-30 13:27:00,17,1,30.0
175,2025-06-30 13:27:30,20,1,30.0
176,2025-06-30 13:28:00,23,1,30.0
177,2025-06-30 13:28:30,21,1,30.0
178,2025-06-30 13:29:00,21,1,30.0
179,2025-06-30 13:29:30,16,1,30.0
180,2025-06-30 13:30:00,17,1,30.0
181,2025-06-30 13:30:30,21,1,30.0
182,2025-06-30 13:31:00,11,1,30.0
183,2025-06-30 13:31:30,14,1,30.0
184,2025-06-30 13:32:00,15,1,30.0
185,2025-06-30 13:32:30,10,1,30.0
186,2025-06-30 13:33:00,17,1,30.0
187,2025-06-30 13:33:30,20,1,30.0
188,2025-06-30 13:34:00,19,1,30.0
189,2025-06-30 13:34:30,17,1,30.0
190,2025-06-30 13:35:00,20,1,30.0
191,2025-06-30 13:35:30,15,1,30.0
192,2025-06-30 13:36:00,23,1,30.0
193,2025-06-30 13:36:30,14,1,30.0
194,2025-06-30 13:37:00,17,1,30.0
195,2025-06-30 13:37:30,12,1,30.0
196,2025-06-30 13:38:00,11,1,30.0
197,2025-06-30 13:38:30,17,1,30.0
198,2025-06-30 13:39:00,10,1,30.0
199,2025-06-30 13:39:30,11,1,30.0
